City_ID,City,Country,Date,Lat,Lng,Max Temp,Humidity,Cloudiness,Wind Speed
0,Provideniya,RU,2022-03-20 16:11:14,64.3833,-173.3,1.4,91,9,3.74
1,Hay River,CA,2022-03-20 16:11:14,60.8156,-115.7999,31.35,96,100,4.43
2,Aklavik,CA,2022-03-20 16:11:15,68.2191,-135.0107,-10.66,98,100,9.13
3,Hermanus,ZA,2022-03-20 16:11:15,-34.4187,19.2345,76.8,66,0,18.12
4,Bluff,NZ,2022-03-20 16:11:16,-46.6,168.3333,54.63,91,90,0.51
5,Dzhebariki-Khaya,RU,2022-03-20 16:11:16,62.2167,135.8,-12.78,100,46,0.38
6,Tucurui,BR,2022-03-20 16:07:29,-3.7661,-49.6725,88.29,58,64,2.26
7,Makakilo City,US,2022-03-20 16:11:17,21.3469,-158.0858,70.68,85,0,4.61
8,Fomboni,KM,2022-03-20 16:11:17,-12.28,43.7425,82.4,76,100,6.38
9,Cape Town,ZA,2022-03-20 16:11:19,-33.9258,18.4232,75.34,58,0,14.45
10,New Norfolk,AU,2022-03-20 16:11:20,-42.7826,147.0587,56.7,71,100,0.94
11,Hobart,AU,2022-03-20 16:09:10,-42.8794,147.3294,57.06,95,100,4.61
12,Rikitea,PF,2022-03-20 16:11:21,-23.1203,-134.9692,79.43,76,7,11.95
13,Bengkulu,ID,2022-03-20 16:11:22,-3.8004,102.2655,78.78,83,82,4.41
14,Upernavik,GL,2022-03-20 16:11:23,72.7868,-56.1549,-7.13,92,94,6.2
15,Kabanjahe,ID,2022-03-20 16:07:18,3.1001,98.4908,63.75,92,98,4.59
16,Tual,ID,2022-03-20 16:07:18,-5.6667,132.75,84.25,75,100,10.4
17,Busselton,AU,2022-03-20 16:11:24,-33.65,115.3333,64.22,81,69,17.56
18,Iqaluit,CA,2022-03-20 16:11:15,63.7506,-68.5145,-16.31,68,9,4.05
19,Nikolskoye,RU,2022-03-20 16:11:24,59.7035,30.7861,40.89,96,45,6.11
20,Comodoro Rivadavia,AR,2022-03-20 16:11:25,-45.8667,-67.5,66.06,45,0,12.66
21,Carballo,ES,2022-03-20 16:11:26,43.213,-8.691,67.42,67,100,3.29
22,Port Blair,IN,2022-03-20 16:11:27,11.6667,92.75,76.6,89,100,12.8
23,Rio Gallegos,AR,2022-03-20 16:11:27,-51.6226,-69.2181,64.45,34,0,4.61
24,Barrow,US,2022-03-20 16:10:02,71.2906,-156.7887,-23.78,76,0,8.05
25,Mataura,NZ,2022-03-20 16:11:28,-46.1927,168.8643,47.79,99,81,1.66
26,Saint Anthony,US,2022-03-20 16:11:29,45.0205,-93.218,49.93,65,0,8.05
27,Guerrero Negro,MX,2022-03-20 16:06:29,27.9769,-114.0611,61.45,76,34,13.69
28,Benguela,AO,2022-03-20 16:11:29,-12.5763,13.4055,80.94,73,90,8.14
29,Guisa,CU,2022-03-20 16:11:31,20.255,-76.5386,85.51,49,12,4.63
30,Hermosillo,MX,2022-03-20 16:07:32,29.0667,-110.9667,73.85,22,0,4.61
31,Riberalta,BO,2022-03-20 16:11:31,-10.9833,-66.1,79.0,89,75,6.91
32,Mahebourg,MU,2022-03-20 16:11:32,-20.4081,57.7,79.25,83,97,10.94
33,General Roca,AR,2022-03-20 16:11:33,-39.0333,-67.5833,76.62,32,37,28.03
34,Saskylakh,RU,2022-03-20 16:11:33,71.9167,114.0833,-10.59,100,95,4.61
35,Brezoi,RO,2022-03-20 16:11:34,45.338,24.2486,36.45,54,23,4.88
36,Ushuaia,AR,2022-03-20 16:07:43,-54.8,-68.3,55.71,59,79,5.84
37,Constitucion,CL,2022-03-20 16:11:35,-35.3333,-72.4167,66.07,52,100,10.33
38,Dikson,RU,2022-03-20 16:11:36,73.5069,80.5464,-0.87,100,97,8.23
39,Qaanaaq,GL,2022-03-20 16:11:37,77.484,-69.3632,-4.92,93,100,8.19
40,Longyearbyen,SJ,2022-03-20 16:11:37,78.2186,15.6401,22.84,74,75,1.14
41,Albany,US,2022-03-20 16:12:38,42.6001,-73.9662,51.58,71,99,1.01
42,Tecoanapa,MX,2022-03-20 16:12:39,16.5167,-98.75,85.08,42,10,3.24
43,Coahuayana,MX,2022-03-20 16:12:40,18.7333,-103.6833,85.15,21,93,3.53
44,Filadelfia,US,2022-03-20 16:08:23,39.9523,-75.1638,56.98,57,75,18.41
45,Dublin,US,2022-03-20 16:10:59,37.7021,-121.9358,53.06,76,0,3.0
46,Jamestown,US,2022-03-20 16:11:18,42.097,-79.2353,38.52,70,100,12.66
47,Payson,US,2022-03-20 16:12:41,40.0444,-111.7321,50.25,49,100,16.11
48,Leningradskiy,RU,2022-03-20 16:12:41,69.3833,178.4167,-3.26,77,19,6.78
49,Avarua,CK,2022-03-20 16:12:42,-21.2078,-159.775,77.05,88,94,4.61
50,Coachella,US,2022-03-20 16:12:42,33.6803,-116.1739,66.76,42,0,16.11
51,Pokhara,NP,2022-03-20 16:11:41,28.2333,83.9833,71.8,28,22,7.34
52,Bandarbeyla,SO,2022-03-20 16:12:43,9.4942,50.8122,78.04,72,0,8.14
53,Mwanza,TZ,2022-03-20 16:12:43,-2.5167,32.9,78.53,60,85,6.73
54,Bredasdorp,ZA,2022-03-20 16:12:44,-34.5322,20.0403,72.7,66,49,14.67
55,Klaksvik,FO,2022-03-20 16:12:45,62.2266,-6.589,45.52,86,100,28.81
56,Sabang,ID,2022-03-20 16:12:46,5.8933,95.3214,81.7,75,100,22.37
57,Saint-Georges,GD,2022-03-20 16:08:11,12.0564,-61.7485,83.88,61,20,23.02
58,Esperance,AU,2022-03-20 16:12:47,-33.8667,121.9,68.25,90,100,18.88
59,Okakarara,NA,2022-03-20 16:12:48,-20.5833,17.4333,77.54,52,45,7.45
60,Charleston,US,2022-03-20 16:09:06,32.7766,-79.9309,66.02,45,0,13.8
61,Kukmor,RU,2022-03-20 16:12:49,56.1855,50.8944,33.44,90,100,12.01
62,Kaitangata,NZ,2022-03-20 16:12:49,-46.2817,169.8464,48.56,95,95,2.55
63,Bogo,PH,2022-03-20 16:12:49,11.0517,124.0055,80.2,83,98,7.52
64,Katsuura,JP,2022-03-20 16:12:50,35.1333,140.3,50.25,84,100,14.54
65,Dicabisagan,PH,2022-03-20 16:12:50,17.0818,122.4157,78.17,88,58,3.83
66,Souillac,MU,2022-03-20 16:12:51,-20.5167,57.5167,79.93,86,96,9.44
67,Bandarban,BD,2022-03-20 16:12:51,22.1965,92.2262,68.16,56,10,3.18
68,Yellowknife,CA,2022-03-20 16:12:52,62.456,-114.3525,22.41,99,100,1.01
69,Sumter,US,2022-03-20 16:12:52,28.7086,-82.0831,72.01,66,66,11.27
70,Tiksi,RU,2022-03-20 16:12:52,71.6872,128.8694,9.14,79,100,16.55
71,Tamandare,BR,2022-03-20 16:12:53,-8.7597,-35.1047,84.36,66,40,8.39
72,Atar,MR,2022-03-20 16:12:53,20.5169,-13.0499,91.71,9,0,7.2
73,Saldanha,ZA,2022-03-20 16:12:54,-33.0117,17.9442,69.13,79,37,16.28
74,Griffith,US,2022-03-20 16:12:55,41.5284,-87.4237,52.38,68,0,4.0
75,San Vicente,AR,2022-03-20 16:12:56,-26.6167,-54.1333,80.44,42,1,5.26
76,Puerto Asis,CO,2022-03-20 16:12:56,0.5133,-76.5007,78.04,85,92,1.05
77,Dergaon,IN,2022-03-20 16:12:56,26.7,93.9667,80.24,30,1,7.2
78,Sao Filipe,CV,2022-03-20 16:12:57,14.8961,-24.4956,70.95,67,7,11.5
79,Batagay-Alyta,RU,2022-03-20 16:12:57,67.8006,130.4114,-25.62,91,6,6.24
80,Talnakh,RU,2022-03-20 16:12:58,69.4865,88.3972,5.05,96,99,3.31
81,Castro,BR,2022-03-20 16:09:45,-24.7911,-50.0119,65.77,85,98,8.08
82,High River,CA,2022-03-20 16:12:59,50.5834,-113.8687,32.16,88,100,25.34
83,Kollo,NE,2022-03-20 16:13:01,13.3043,2.339,104.72,8,11,2.62
84,Acari,PE,2022-03-20 16:13:01,-15.4311,-74.6158,81.07,55,86,9.28
85,Kapaa,US,2022-03-20 16:14:02,22.0752,-159.319,70.12,87,100,6.91
86,Port Alfred,ZA,2022-03-20 16:14:02,-33.5906,26.891,73.33,73,33,11.9
87,Hilo,US,2022-03-20 16:14:02,19.7297,-155.09,70.25,93,100,5.75
88,Airai,TL,2022-03-20 16:14:03,-8.9266,125.4092,61.36,93,64,0.81
89,Alofi,NU,2022-03-20 16:14:05,-19.0595,-169.9187,80.91,76,73,13.15
90,Zhigansk,RU,2022-03-20 16:12:12,66.7697,123.3711,7.86,89,100,22.41
91,Dickinson,US,2022-03-20 16:14:05,29.4608,-95.0513,70.16,59,0,16.11
92,Rivas,NI,2022-03-20 16:14:06,11.4372,-85.8263,83.08,65,62,25.66
93,San Quintin,MX,2022-03-20 16:14:07,30.4833,-115.95,58.93,68,54,18.28
94,West Lafayette,US,2022-03-20 16:14:07,40.4259,-86.9081,53.31,62,0,4.61
95,Carnarvon,AU,2022-03-20 16:14:08,-24.8667,113.6333,77.07,78,11,19.57
96,Tuktoyaktuk,CA,2022-03-20 16:14:09,69.4541,-133.0374,-13.58,96,100,7.76
97,Ribeira Grande,PT,2022-03-20 16:14:09,38.5167,-28.7,63.0,72,40,17.27
98,Auki,SB,2022-03-20 16:14:10,-8.7676,160.7034,78.85,85,100,5.61
99,Muroto,JP,2022-03-20 16:14:10,33.2833,134.15,52.29,72,100,4.72
100,Vaini,TO,2022-03-20 16:14:10,-21.2,-175.2,79.14,65,100,8.66
101,Santa Cruz,BO,2022-03-20 16:14:11,-17.8,-63.1667,77.05,61,75,16.11
102,Cockburn Town,TC,2022-03-20 16:14:11,21.4612,-71.1419,77.45,76,17,21.21
103,Flinders,AU,2022-03-20 16:14:12,-34.5833,150.8552,64.18,88,88,3.0
104,Nuevo Casas Grandes,MX,2022-03-20 16:14:13,30.4167,-107.9167,62.74,16,0,10.74
105,Fortuna,US,2022-03-20 16:14:13,40.5982,-124.1573,40.98,94,0,0.0
106,Nizwa,OM,2022-03-20 16:14:13,22.9333,57.5333,79.29,16,0,2.37
107,Chuy,UY,2022-03-20 16:14:14,-33.6971,-53.4616,65.75,39,9,11.1
108,Kolosovka,RU,2022-03-20 16:14:14,56.4678,73.611,16.57,92,100,17.78
109,Butaritari,KI,2022-03-20 16:14:14,3.0707,172.7902,80.19,82,27,17.92
110,Vesele,UA,2022-03-20 16:14:15,47.0148,34.915,33.91,50,0,9.95
111,Aksarka,RU,2022-03-20 16:14:15,66.5606,67.7975,16.21,95,99,6.6
112,Deputatskiy,RU,2022-03-20 16:12:18,69.3,139.9,-15.81,90,14,3.83
113,Chara,RU,2022-03-20 16:14:16,56.9064,118.2631,-2.99,71,34,3.38
114,Gurupa,BR,2022-03-20 16:14:16,-1.405,-51.64,82.4,80,79,3.44
115,Puerto Ayora,EC,2022-03-20 16:14:18,-0.7393,-90.3518,85.96,74,62,6.24
116,Torbay,CA,2022-03-20 16:14:18,47.6666,-52.7314,33.28,61,100,1.99
117,Atuona,PF,2022-03-20 16:10:27,-9.8,-139.0333,78.93,77,17,17.09
118,Kavieng,PG,2022-03-20 16:14:19,-2.5744,150.7967,82.96,73,100,14.41
119,Mwinilunga,ZM,2022-03-20 16:14:20,-11.7358,24.4293,69.19,90,46,4.18
120,Tukrah,LY,2022-03-20 16:14:21,32.5341,20.5791,48.58,81,100,19.04
121,Majene,ID,2022-03-20 16:11:56,-3.5403,118.9707,76.69,88,100,5.93
122,Baruun-Urt,MN,2022-03-20 16:14:22,46.6806,113.2792,13.8,47,86,1.28
123,Shingu,JP,2022-03-20 16:14:23,33.7333,135.9833,46.24,68,100,5.68
124,Pevek,RU,2022-03-20 16:12:18,69.7008,170.3133,-8.81,84,5,8.84
125,Beira,MZ,2022-03-20 16:14:24,-19.8436,34.8389,80.69,61,40,6.91
126,Punta Arenas,CL,2022-03-20 16:11:11,-53.15,-70.9167,50.11,76,75,4.61
127,Tautira,PF,2022-03-20 16:14:26,-17.7333,-149.15,81.93,74,100,18.61
128,Coihaique,CL,2022-03-20 16:14:26,-45.5752,-72.0662,63.21,62,0,6.91
129,Rongcheng,CN,2022-03-20 16:14:27,30.634,117.8517,45.14,96,100,6.38
130,Lorengau,PG,2022-03-20 16:14:29,-2.0226,147.2712,82.47,73,54,4.0
131,Elbistan,TR,2022-03-20 16:14:31,38.2059,37.1983,25.03,76,97,5.41
132,East London,ZA,2022-03-20 16:14:32,-33.0153,27.9116,73.65,75,66,10.65
133,Berlevag,NO,2022-03-20 16:15:32,70.8578,29.0864,35.6,98,100,6.98
134,Riohacha,CO,2022-03-20 16:15:34,11.5444,-72.9072,89.71,48,75,16.11
135,Panorama,GR,2022-03-20 16:15:35,40.5878,23.0315,45.39,35,0,6.91
136,Hofn,IS,2022-03-20 16:15:35,64.2539,-15.2082,44.62,53,0,20.71
137,Beloha,MG,2022-03-20 16:15:36,-25.1667,45.05,68.86,77,18,12.53
138,Matveyevka,RU,2022-03-20 16:15:36,52.15,56.1833,21.45,95,100,14.05
139,Tsabong,BW,2022-03-20 16:15:37,-26.0217,22.401,72.66,59,77,2.59
140,Sitka,US,2022-03-20 16:15:37,57.0531,-135.33,37.29,65,75,12.66
141,Bougouni,ML,2022-03-20 16:15:38,11.417,-7.479,97.54,24,100,3.67
142,Hithadhoo,MV,2022-03-20 16:15:38,-0.6,73.0833,83.59,74,97,16.15
143,Hamilton,US,2022-03-20 16:15:02,39.1834,-84.5333,54.61,58,20,12.66
144,Hasaki,JP,2022-03-20 16:15:40,35.7333,140.8333,43.2,80,100,17.83
145,Pabrade,LT,2022-03-20 16:15:41,55.0,25.7833,47.17,68,5,3.98
146,Linfen,CN,2022-03-20 16:15:42,36.0889,111.5189,51.4,52,83,4.88
147,Saint-Philippe,RE,2022-03-20 16:15:43,-21.3585,55.7679,74.79,83,100,11.9
148,Cherskiy,RU,2022-03-20 16:15:43,68.75,161.3,-13.94,100,74,1.77
149,Cordoba,AR,2022-03-20 16:15:31,-31.4135,-64.1811,65.75,56,75,12.66
150,Ponta Do Sol,PT,2022-03-20 16:15:44,32.6667,-17.1,65.03,66,71,12.82
151,Mar Del Plata,AR,2022-03-20 16:15:44,-38.0023,-57.5575,60.82,65,0,11.99
152,Avera,US,2022-03-20 16:15:45,33.194,-82.5271,63.37,35,0,12.84
153,Bako,ET,2022-03-20 16:15:45,5.7833,36.5667,71.38,58,99,4.47
154,Gushikawa,JP,2022-03-20 16:15:46,26.3544,127.8686,69.8,77,100,8.05
155,Sao Felix Do Xingu,BR,2022-03-20 16:15:47,-6.6447,-51.995,73.36,97,100,2.15
156,Christchurch,NZ,2022-03-20 16:14:36,-43.5333,172.6333,58.95,90,75,2.3
157,Saint-Joseph,RE,2022-03-20 16:15:47,-21.3667,55.6167,73.78,84,100,11.41
158,Norman Wells,CA,2022-03-20 16:15:48,65.282,-126.8329,-11.16,70,20,3.44
159,Kilimatinde,TZ,2022-03-20 16:15:48,-5.85,34.95,72.5,73,100,3.91
160,Nanortalik,GL,2022-03-20 16:15:49,60.1432,-45.2371,16.84,72,13,15.59
161,Arraial Do Cabo,BR,2022-03-20 16:15:50,-22.9661,-42.0278,87.76,66,20,9.22
162,Sioux Lookout,CA,2022-03-20 16:15:51,50.1001,-91.917,37.47,65,40,4.61
163,Khatanga,RU,2022-03-20 16:15:52,71.9667,102.5,7.95,97,100,3.94
164,Puerto Ayacucho,VE,2022-03-20 16:15:52,5.6639,-67.6236,91.56,50,87,2.82
165,Cururupu,BR,2022-03-20 16:15:53,-1.8283,-44.8683,79.93,87,88,1.48
166,Saint-Louis,SN,2022-03-20 16:15:53,16.3333,-15.0,97.68,9,1,6.42
167,Sumkino,RU,2022-03-20 16:15:54,58.1108,68.3244,30.67,96,100,10.36
168,Port Lincoln,AU,2022-03-20 16:15:55,-34.7333,135.8667,64.04,89,35,6.76
169,Piranhas,BR,2022-03-20 16:15:55,-16.4269,-51.8222,88.09,55,16,3.89
170,Trelew,AR,2022-03-20 16:15:56,-43.249,-65.3051,68.67,40,100,31.88
171,Sorong,ID,2022-03-20 16:15:57,-0.8833,131.25,77.41,89,100,5.23
172,Ixtapa,MX,2022-03-20 16:15:57,20.7,-105.2,72.63,56,0,0.0
173,Nisia Floresta,BR,2022-03-20 16:15:58,-6.0911,-35.2086,84.58,59,100,9.37
174,Constantine,DZ,2022-03-20 16:15:58,36.365,6.6147,58.41,62,40,17.27
175,Ilhabela,BR,2022-03-20 16:15:59,-23.7781,-45.3581,74.26,93,100,7.9
176,Chinsali,ZM,2022-03-20 16:16:00,-10.5414,32.0816,66.22,95,86,7.63
177,Tasiilaq,GL,2022-03-20 16:16:01,65.6145,-37.6368,24.96,61,0,7.81
178,Palmer,US,2022-03-20 16:17:01,42.1584,-72.3287,59.25,69,75,13.8
179,Uusikaupunki,FI,2022-03-20 16:16:16,60.8004,21.4084,34.57,88,45,4.54
180,Faanui,PF,2022-03-20 16:17:02,-16.4833,-151.75,82.85,71,64,20.6
181,Hoquiam,US,2022-03-20 16:17:02,46.9809,-123.8893,44.02,92,100,6.91
182,Geraldton,AU,2022-03-20 16:17:03,-28.7667,114.6,73.81,73,28,17.27
183,Kutum,SD,2022-03-20 16:17:04,14.2,24.6667,84.07,6,23,12.53
184,Ayr,GB,2022-03-20 16:17:05,55.4627,-4.6339,54.5,43,0,10.36
185,Neuquen,AR,2022-03-20 16:17:05,-38.9516,-68.0591,67.89,49,0,11.5
186,Nenton,GT,2022-03-20 16:17:06,15.8,-91.75,76.17,63,69,5.73
187,Sakaiminato,JP,2022-03-20 16:17:07,35.55,133.2333,40.98,87,75,3.44
188,Takoradi,GH,2022-03-20 16:17:07,4.8845,-1.7554,85.48,66,95,12.73
189,Kokhma,RU,2022-03-20 16:17:08,56.9349,41.0915,34.95,91,59,10.47
190,Rio Verde De Mato Grosso,BR,2022-03-20 16:17:08,-18.9181,-54.8442,87.3,60,53,1.99
191,Chokurdakh,RU,2022-03-20 16:17:09,70.6333,147.9167,-18.83,100,47,5.44
192,Bilma,NE,2022-03-20 16:13:20,18.6853,12.9164,96.46,4,13,3.8
193,Kagalnik,RU,2022-03-20 16:17:09,47.0769,39.323,36.72,54,0,8.3
194,Luderitz,NA,2022-03-20 16:17:10,-26.6481,15.1594,78.33,59,3,16.26
195,Laguna,US,2022-03-20 16:17:11,38.421,-121.4238,53.73,59,0,16.11
196,Kodar,IN,2022-03-20 16:17:12,16.9833,79.9667,84.09,55,73,8.52
197,Cidreira,BR,2022-03-20 16:17:13,-30.1811,-50.2056,68.11,66,99,12.53
198,Sorland,NO,2022-03-20 16:17:13,67.667,12.6934,43.68,82,99,34.45
199,Guaraniacu,BR,2022-03-20 16:17:14,-25.1008,-52.8781,78.01,63,32,1.14
200,Odweyne,SO,2022-03-20 16:17:14,9.4092,45.064,82.89,32,42,6.51
201,San Isidro,PE,2022-03-20 16:17:15,-12.1167,-77.05,71.51,59,100,5.75
202,Mbengwi,CM,2022-03-20 16:17:15,6.0167,10.0,88.47,15,27,6.35
203,Manawar,IN,2022-03-20 16:17:17,22.2333,75.0833,90.52,15,3,8.97
204,Ilulissat,GL,2022-03-20 16:17:18,69.2167,-51.1,-0.38,60,20,9.22
205,Ahmadpur,IN,2022-03-20 16:17:18,18.7,76.9333,88.25,14,70,4.45
206,Yongan,CN,2022-03-20 16:17:18,39.6957,113.6871,31.35,70,83,4.43
207,Limbang,MY,2022-03-20 16:17:19,4.75,115.0,75.31,98,100,1.88
208,Hervey Bay,AU,2022-03-20 16:17:20,-25.2986,152.8535,71.83,77,2,9.33
209,Kisangani,CD,2022-03-20 16:17:20,0.5167,25.2,85.41,55,94,3.09
210,Gat,IL,2022-03-20 16:16:02,31.61,34.7642,51.82,47,48,16.31
211,Marawi,PH,2022-03-20 16:17:21,7.9986,124.2928,69.28,93,100,1.03
212,Jamame,SO,2022-03-20 16:17:21,0.0722,42.7506,78.33,79,1,14.14
213,Whyalla,AU,2022-03-20 16:17:22,-33.0333,137.5833,67.89,88,11,10.36
214,Zhizdra,RU,2022-03-20 16:17:23,53.746,34.7395,32.79,91,7,6.76
215,Banjar,ID,2022-03-20 16:17:24,-8.19,114.9675,77.27,85,100,3.8
216,Bukachacha,RU,2022-03-20 16:17:25,52.9833,116.9167,-3.23,98,47,1.9
217,Bethel,US,2022-03-20 16:17:25,41.3712,-73.414,58.51,68,63,4.0
218,Codrington,AU,2022-03-20 16:17:26,-38.2667,141.9667,57.74,97,72,3.11
219,Belyy Yar,RU,2022-03-20 16:17:27,53.6039,91.3903,24.69,67,0,4.47
220,Honningsvag,NO,2022-03-20 16:17:27,70.9821,25.9704,41.76,87,100,29.82
221,Upington,ZA,2022-03-20 16:17:29,-28.4478,21.2561,79.18,53,40,4.61
222,Oistins,BB,2022-03-20 16:17:29,13.0667,-59.5333,77.09,78,75,12.66
223,Kodiak,US,2022-03-20 16:18:31,57.79,-152.4072,35.11,93,100,14.97
224,Varberg,SE,2022-03-20 16:18:31,57.1056,12.2508,49.05,73,3,10.22
225,Vila Velha,BR,2022-03-20 16:18:33,-20.3297,-40.2925,91.35,57,0,13.8
226,Hammond,US,2022-03-20 16:15:23,41.5834,-87.5,54.23,70,0,4.0
227,Kargasok,RU,2022-03-20 16:18:34,59.0556,80.8572,20.37,90,100,16.28
228,Atasu,KZ,2022-03-20 16:18:35,48.6814,71.6433,0.61,100,50,6.29
229,Bahia Blanca,AR,2022-03-20 16:14:02,-38.7196,-62.2724,72.61,26,97,14.16
230,New Glasgow,CA,2022-03-20 16:18:36,45.5834,-62.6486,47.79,98,100,10.07
231,Grootfontein,NA,2022-03-20 16:18:36,-19.5667,18.1167,72.97,66,72,9.57
232,Kruisfontein,ZA,2022-03-20 16:18:38,-34.0033,24.7314,72.88,77,35,11.83
233,Byron Bay,AU,2022-03-20 16:15:44,-28.65,153.6167,62.71,89,65,10.54
234,Ajka,HU,2022-03-20 16:18:39,47.102,17.5589,45.45,30,6,8.55
235,Lavrentiya,RU,2022-03-20 16:18:41,65.5833,-171.0,-10.93,74,22,4.14
236,Front Royal,US,2022-03-20 16:13:58,38.9182,-78.1944,56.59,44,75,13.8
237,Pyapon,MM,2022-03-20 16:18:42,16.2833,95.6833,81.57,72,74,8.14
238,Port Keats,AU,2022-03-20 16:17:32,-14.25,129.55,84.11,79,98,4.54
239,Carupano,VE,2022-03-20 16:18:38,10.6678,-63.2585,81.05,70,44,14.29
240,Ostrovnoy,RU,2022-03-20 16:18:42,68.0531,39.5131,30.94,87,95,26.71
241,Nome,US,2022-03-20 16:18:43,64.5011,-165.4064,-5.73,77,0,3.44
242,Port Augusta,AU,2022-03-20 16:18:43,-32.5,137.7667,71.22,74,8,8.43
243,Trairi,BR,2022-03-20 16:15:08,-3.2778,-39.2689,84.13,68,96,8.19
244,Mulchen,CL,2022-03-20 16:18:44,-37.7167,-72.2333,62.46,16,100,2.68
245,Praia,CV,2022-03-20 16:18:44,14.9215,-23.5087,77.54,50,19,21.85
246,Nador,MA,2022-03-20 16:18:45,35.174,-2.9287,62.85,77,20,14.97
247,Matay,EG,2022-03-20 16:16:15,28.419,30.7792,66.63,28,33,18.14
248,Kachug,RU,2022-03-20 16:18:46,53.9606,105.8817,-1.19,100,56,2.06
249,Imeni Poliny Osipenko,RU,2022-03-20 16:18:46,52.4201,136.4853,-10.17,99,45,1.25
250,The Valley,AI,2022-03-20 16:18:47,18.217,-63.0578,82.54,57,20,20.71
251,Huarmey,PE,2022-03-20 16:18:47,-10.0681,-78.1522,74.39,72,96,10.47
252,Umm Kaddadah,SD,2022-03-20 16:18:48,13.6017,26.6876,88.09,5,4,8.9
253,Touros,BR,2022-03-20 16:18:48,-5.1989,-35.4608,85.39,65,98,11.99
254,Bambous Virieux,MU,2022-03-20 16:18:49,-20.3428,57.7575,79.21,100,75,0.0
255,Altay,CN,2022-03-20 16:18:49,47.8667,88.1167,14.92,72,16,7.74
256,Mizan Teferi,ET,2022-03-20 16:18:49,6.9833,35.5833,68.65,71,86,3.69
257,Verkh-Chebula,RU,2022-03-20 16:18:50,56.0308,87.6218,18.88,83,98,17.36
258,Mana,GF,2022-03-20 16:18:50,5.6592,-53.7767,80.98,76,51,12.84
259,Havoysund,NO,2022-03-20 16:18:50,70.9963,24.6622,41.77,90,100,32.37
260,Grajau,BR,2022-03-20 16:18:51,-5.8194,-46.1386,84.49,72,62,3.13
261,Phek,IN,2022-03-20 16:18:51,25.6667,94.5,55.56,44,21,0.76
262,Bonthe,SL,2022-03-20 16:18:51,7.5264,-12.505,85.46,59,71,12.75
263,Victoria,HK,2022-03-20 16:18:52,22.2855,114.1577,72.95,89,91,13.0
264,Bima,ID,2022-03-20 16:18:53,-8.4667,118.7167,75.36,92,100,2.28
265,Kirovsk,UA,2022-03-20 16:18:53,48.6375,38.6428,26.73,82,0,6.71
266,Tiarei,PF,2022-03-20 16:18:54,-17.5333,-149.3333,78.82,74,100,19.89
267,Pisco,PE,2022-03-20 16:14:38,-13.7,-76.2167,73.02,83,20,10.36
268,Limon,CR,2022-03-20 16:15:02,10.0,-83.0333,82.29,78,40,6.91
269,Inirida,CO,2022-03-20 16:19:55,3.8653,-67.9239,74.66,96,100,3.13
270,Saint George,US,2022-03-20 16:15:23,37.1041,-113.5841,59.79,47,0,1.99
271,Napier,NZ,2022-03-20 16:19:55,-39.4833,176.9167,58.28,81,100,5.66
272,Lebu,CL,2022-03-20 16:19:56,-37.6167,-73.65,62.17,62,99,6.62
273,Bad Doberan,DE,2022-03-20 16:17:23,54.1071,11.9005,52.93,35,0,18.34
274,Araouane,ML,2022-03-20 16:19:56,18.9048,-3.5265,95.7,8,35,7.67
275,Ancud,CL,2022-03-20 16:19:57,-41.8697,-73.8203,53.22,88,100,5.32
276,Kislyakovskaya,RU,2022-03-20 16:19:58,46.4417,39.675,32.31,65,0,8.1
277,Gidrotorf,RU,2022-03-20 16:19:58,56.4744,43.5414,40.98,94,99,11.21
278,Iquitos,PE,2022-03-20 16:19:59,-3.7481,-73.2472,82.44,78,75,2.3
279,Goderich,CA,2022-03-20 16:20:00,43.7501,-81.7165,39.9,87,100,6.91
280,Ambovombe,MG,2022-03-20 16:20:00,-25.1667,46.0833,71.33,67,16,16.06
281,Lensk,RU,2022-03-20 16:20:01,60.7253,114.9278,22.32,92,100,10.45
282,Cayenne,GF,2022-03-20 16:20:02,4.9333,-52.3333,83.08,1,75,12.66
283,Jumla,NP,2022-03-20 16:20:03,29.2747,82.1838,48.87,65,27,5.14
284,Silver City,US,2022-03-20 16:20:03,32.7701,-108.2803,57.02,14,0,6.91
285,Antalaha,MG,2022-03-20 16:20:04,-14.9003,50.2788,77.22,90,100,7.29
286,Tateyama,JP,2022-03-20 16:20:05,34.9833,139.8667,48.09,82,100,17.16
287,Deloraine,AU,2022-03-20 16:20:05,-41.5333,146.6667,58.15,15,56,1.88
288,Songjianghe,CN,2022-03-20 16:20:06,42.1859,127.479,8.44,93,31,4.61
289,Roxas,PH,2022-03-20 16:20:07,11.5853,122.7511,80.01,86,100,8.39
290,Lexington,US,2022-03-20 16:18:18,37.9887,-84.4777,54.99,47,0,16.11
291,Zyryanovsk,KZ,2022-03-20 16:20:07,49.7386,84.2719,5.54,97,93,2.06
292,Poum,NC,2022-03-20 16:20:08,-20.2333,164.0167,80.82,79,100,19.08
293,Ambilobe,MG,2022-03-20 16:20:08,-13.2,49.05,76.93,92,100,1.34
294,Marienburg,PL,2022-03-20 16:20:09,54.0359,19.0266,51.89,48,0,5.44
295,Kieta,PG,2022-03-20 16:20:10,-6.2167,155.6333,79.68,82,69,3.76
296,Karasburg,NA,2022-03-20 16:20:10,-28.0167,18.75,80.53,41,53,11.88
297,Belaya Gora,RU,2022-03-20 16:20:11,68.5333,146.4167,-16.71,100,18,3.44
298,Lubumbashi,CD,2022-03-20 16:20:11,-11.6609,27.4794,67.24,93,100,3.13
299,Baiyin,CN,2022-03-20 16:20:12,36.5583,104.2081,41.05,35,99,17.45
300,Casper,US,2022-03-20 16:20:04,42.8666,-106.3131,51.73,36,0,16.11
301,Bereda,ES,2022-03-20 16:20:13,43.2686,-7.5406,63.14,47,100,4.81
302,Koumac,NC,2022-03-20 16:20:14,-20.5667,164.2833,78.31,85,99,12.55
303,Severo-Kurilsk,RU,2022-03-20 16:20:14,50.6789,156.125,32.79,98,100,21.09
304,College,US,2022-03-20 16:20:14,64.8569,-147.8028,5.79,72,40,6.91
305,Okha,RU,2022-03-20 16:20:15,53.5739,142.9478,10.81,91,100,21.09
306,Nemuro,JP,2022-03-20 16:20:15,43.3236,145.575,27.05,73,8,16.46
307,Alberton,CA,2022-03-20 16:20:16,46.8168,-64.0654,39.33,100,100,6.42
308,Narsaq,GL,2022-03-20 16:20:16,60.9167,-46.05,17.82,60,6,2.44
309,Saint-Pierre,RE,2022-03-20 16:20:17,-21.3393,55.4781,76.91,91,75,12.66
310,Frontera,MX,2022-03-20 16:20:17,26.9333,-101.45,64.15,45,40,4.61
311,Kahului,US,2022-03-20 16:20:17,20.8947,-156.47,72.84,82,40,3.44
312,Manjacaze,MZ,2022-03-20 16:20:18,-24.7117,33.8828,71.73,66,58,8.32
313,Clyde River,CA,2022-03-20 16:20:19,70.4692,-68.5914,-19.97,69,0,3.44
314,Kloulklubed,PW,2022-03-20 16:20:19,7.0419,134.2556,77.5,80,88,16.53
315,Alice Springs,AU,2022-03-20 16:21:20,-23.7,133.8833,69.22,32,0,0.0
316,Aksu,CN,2022-03-20 16:21:20,41.1231,80.2644,44.26,83,100,10.67
317,Antofagasta,CL,2022-03-20 16:21:21,-23.65,-70.4,72.21,60,36,8.46
318,Bhavnagar,IN,2022-03-20 16:21:22,21.7667,72.15,83.57,45,4,10.78
319,Zasosna,RU,2022-03-20 16:20:21,50.6307,38.3965,24.64,95,81,5.12
320,Houston,US,2022-03-20 16:20:30,29.7633,-95.3633,71.31,48,0,19.57
321,Lompoc,US,2022-03-20 16:20:32,34.6391,-120.4579,59.77,77,0,21.99
322,Kousseri,CM,2022-03-20 16:21:23,12.0769,15.0306,100.17,5,78,7.63
323,Campbell River,CA,2022-03-20 16:21:24,50.0163,-125.2446,43.45,93,100,3.44
324,Hobyo,SO,2022-03-20 16:21:24,5.3505,48.5268,79.61,68,58,12.66
325,Crossville,US,2022-03-20 16:21:25,35.949,-85.0269,54.91,44,0,16.11
326,Singaparna,ID,2022-03-20 16:21:25,-7.3515,108.111,73.4,93,100,1.81
327,Sambava,MG,2022-03-20 16:21:26,-14.2667,50.1667,79.5,87,100,9.42
328,Jieshi,CN,2022-03-20 16:21:26,22.8134,115.8257,70.95,86,98,9.75
329,Sao Joao Da Barra,BR,2022-03-20 16:21:27,-21.6403,-41.0511,91.49,72,31,8.32
330,Winslow,US,2022-03-20 16:21:28,35.0242,-110.6974,58.96,20,0,5.75
331,Inhambane,MZ,2022-03-20 16:21:28,-23.865,35.3833,76.98,61,40,4.61
332,Bud,US,2022-03-20 16:21:29,39.447,-86.1758,55.74,54,0,7.31
333,Irpa Irpa,BO,2022-03-20 16:21:29,-17.7167,-66.2667,68.0,56,99,2.66
334,Solnechnyy,RU,2022-03-20 16:21:30,50.7214,136.6319,11.53,92,100,4.0
335,Husavik,IS,2022-03-20 16:21:31,66.0449,-17.3389,32.14,78,82,13.69
336,Kanakapura,IN,2022-03-20 16:18:06,12.55,77.4167,78.3,57,88,2.37
337,Ajdabiya,LY,2022-03-20 16:21:33,30.7554,20.2263,61.45,39,4,18.61
338,Porto Novo,BJ,2022-03-20 16:21:34,6.4965,2.6036,89.33,58,61,12.35
339,Bonavista,CA,2022-03-20 16:21:34,48.6499,-53.1147,28.02,73,100,7.67
340,Mao,ES,2022-03-20 16:21:35,39.8885,4.2658,59.56,72,20,18.41
341,Manjo,CM,2022-03-20 16:21:36,4.8428,9.8217,86.43,51,70,5.95
342,Taltal,CL,2022-03-20 16:21:37,-25.4,-70.4833,69.17,69,0,5.32
343,Broken Hill,AU,2022-03-20 16:21:38,-31.95,141.4333,82.18,34,67,5.28
344,Puri,IN,2022-03-20 16:21:38,19.8,85.85,81.12,82,12,17.22
345,Yar-Sale,RU,2022-03-20 16:21:39,66.8333,70.8333,6.22,98,77,5.53
346,Arroyo,ES,2022-03-20 16:21:39,41.6096,-4.7969,56.59,58,75,6.91
347,Bronnoysund,NO,2022-03-20 16:21:40,65.4625,12.1997,48.2,53,0,5.99
348,Altamont,US,2022-03-20 16:21:41,42.2068,-121.7372,28.78,84,40,1.99
349,Inongo,CD,2022-03-20 16:21:41,-1.95,18.2667,77.65,81,93,0.56
350,Ayan,RU,2022-03-20 16:21:42,56.45,138.1667,5.58,81,16,8.23
351,Erzin,TR,2022-03-20 16:21:43,36.9559,36.2,39.63,53,18,2.51
352,Fairbanks,US,2022-03-20 16:21:43,64.8378,-147.7164,5.81,72,40,6.91
353,Najran,SA,2022-03-20 16:21:45,17.4924,44.1277,77.65,20,87,5.66
354,Mezen,RU,2022-03-20 16:21:46,65.8522,44.24,29.97,82,96,15.99
355,Nantucket,US,2022-03-20 16:21:33,41.2835,-70.0995,58.14,82,0,8.05
356,Prado,BR,2022-03-20 16:21:47,-17.3411,-39.2208,84.16,57,5,8.88
357,Borogontsy,RU,2022-03-20 16:21:48,62.6683,131.1683,-11.63,100,79,4.12
358,Telc,CZ,2022-03-20 16:21:48,49.1842,15.4528,44.6,48,5,18.63
359,Fonte Boa,BR,2022-03-20 16:22:48,-2.4959,-66.2662,77.72,94,100,2.08
360,Tolaga Bay,NZ,2022-03-20 16:22:49,-38.3667,178.3,62.94,85,60,13.04
361,Cap-Aux-Meules,CA,2022-03-20 16:22:49,47.3821,-61.8597,32.05,93,100,25.32
362,Portland,US,2022-03-20 16:20:14,45.5234,-122.6762,45.01,83,75,8.01
363,Iwanai,JP,2022-03-20 16:22:50,42.9744,140.5089,29.61,89,100,5.06
364,Ahuimanu,US,2022-03-20 16:22:50,21.4447,-157.8378,71.85,91,40,4.61
365,Mbale,UG,2022-03-20 16:22:50,1.0821,34.175,81.68,37,71,5.53
366,Kuminskiy,RU,2022-03-20 16:22:51,58.6667,66.5667,30.78,93,100,8.21
367,Nhulunbuy,AU,2022-03-20 16:22:51,-12.2333,136.7667,81.21,89,40,4.61
368,Khilok,RU,2022-03-20 16:22:51,51.3674,110.4676,7.29,95,79,5.82
369,Karpathos,GR,2022-03-20 16:22:52,35.507,27.2132,49.96,46,75,2.3
370,Jamsa,FI,2022-03-20 16:22:52,61.8642,25.19,50.72,94,15,4.81
371,Aldan,RU,2022-03-20 16:22:53,58.6031,125.3894,9.14,92,100,8.1
372,Pitea,SE,2022-03-20 16:22:53,65.3172,21.4794,50.09,83,100,4.5
373,Skibbereen,IE,2022-03-20 16:22:54,51.55,-9.2667,53.11,89,81,14.88
374,Thompson,CA,2022-03-20 16:22:54,55.7435,-97.8558,17.76,73,100,8.05
375,Vardo,NO,2022-03-20 16:22:54,70.3705,31.1107,33.67,95,100,10.67
376,Bilopillya,UA,2022-03-20 16:22:55,51.1502,34.3129,30.51,89,4,2.51
377,Cabedelo,BR,2022-03-20 16:22:56,-6.9811,-34.8339,88.47,66,100,12.3
378,Villarrica,PY,2022-03-20 16:22:56,-25.75,-56.4333,85.89,38,0,6.24
379,Porto Nacional,BR,2022-03-20 16:21:54,-10.7081,-48.4172,85.77,66,70,6.15
380,Horsham,GB,2022-03-20 16:22:56,51.064,-0.3272,53.82,47,20,4.61
381,Jiwani,PK,2022-03-20 16:22:57,25.05,61.7417,76.57,76,0,13.42
382,Ulaanbaatar,MN,2022-03-20 16:21:55,47.9077,106.8832,1.53,71,0,6.71
383,Port Elizabeth,ZA,2022-03-20 16:22:58,-33.918,25.5701,75.09,74,0,10.36
384,Lynn Haven,US,2022-03-20 16:22:58,30.2455,-85.6483,70.97,39,0,11.5
385,Kirovskiy,RU,2022-03-20 16:22:59,45.0917,133.5136,12.81,97,93,2.91
386,Ahipara,NZ,2022-03-20 16:23:00,-35.1667,173.1667,65.53,95,29,4.65
387,Brae,GB,2022-03-20 16:23:00,60.3964,-1.353,45.05,77,3,26.91
388,Mtwara,TZ,2022-03-20 16:23:01,-10.2667,40.1833,78.98,87,99,8.5
389,Borsa,RO,2022-03-20 16:23:01,47.6553,24.6633,32.54,64,4,4.65
390,Jalu,LY,2022-03-20 16:23:02,29.0331,21.5482,62.91,35,31,17.09
391,Toktogul,KG,2022-03-20 16:23:02,41.8708,72.9402,38.14,75,100,2.82
392,Mikuni,JP,2022-03-20 16:23:03,36.2171,136.1519,39.11,66,100,4.65
393,Dongsheng,CN,2022-03-20 16:23:04,39.8161,109.9776,30.87,49,100,10.18
394,Seminole,US,2022-03-20 16:23:05,28.7086,-81.2081,74.41,71,75,12.66
395,Imbituva,BR,2022-03-20 16:23:06,-25.23,-50.6044,66.97,76,100,5.84
396,Daru,PG,2022-03-20 16:23:07,-9.0763,143.2092,80.08,87,98,7.65
397,Vestmannaeyjar,IS,2022-03-20 16:23:07,63.4427,-20.2734,40.19,60,40,17.27
398,Buchanan,LR,2022-03-20 16:23:08,5.8808,-10.0467,84.09,69,100,10.78
399,Odienne,CI,2022-03-20 16:23:09,9.51,-7.5692,93.4,34,87,8.16
400,Axim,GH,2022-03-20 16:23:09,4.8699,-2.2405,84.56,67,94,10.02
401,Arman,RU,2022-03-20 16:23:10,59.7,150.1667,21.11,82,100,9.78
402,Contamana,PE,2022-03-20 16:24:10,-7.3333,-75.0167,80.22,81,100,0.6
403,Kaeo,NZ,2022-03-20 16:24:11,-35.1,173.7833,70.32,97,81,7.16
404,Mitrofanovka,RU,2022-03-20 16:20:17,49.9708,39.6939,28.35,90,47,10.74
405,Elban,RU,2022-03-20 16:24:11,50.1018,136.5094,14.74,96,100,1.23
406,Juneau,US,2022-03-20 16:21:06,58.3019,-134.4197,38.21,92,100,6.91
407,Nenagh,IE,2022-03-20 16:24:12,52.8619,-8.1967,49.93,75,98,12.75
408,Bowen,AU,2022-03-20 16:24:12,-20.0167,148.2333,73.65,75,4,10.63
409,Mbandaka,CD,2022-03-20 16:24:13,0.0487,18.2603,88.72,54,93,1.95
410,Port Hedland,AU,2022-03-20 16:24:13,-20.3167,118.5667,82.45,89,14,8.05
411,Lalganj,IN,2022-03-20 16:24:14,25.8667,85.1833,87.75,23,3,3.91
412,Terra Santa,BR,2022-03-20 16:24:14,-2.1042,-56.4869,85.68,68,90,5.46
413,Honiara,SB,2022-03-20 16:24:15,-9.4333,159.95,78.01,89,90,4.45
414,Uige,AO,2022-03-20 16:24:15,-7.6087,15.0613,76.75,84,58,2.44
415,Mehamn,NO,2022-03-20 16:24:16,71.0357,27.8492,35.55,93,75,14.97
416,Naze,JP,2022-03-20 16:24:16,28.3667,129.4833,54.52,67,63,2.19
417,Kurilsk,RU,2022-03-20 16:24:16,45.2333,147.8833,26.62,87,100,20.02
418,Bryan,US,2022-03-20 16:24:17,30.6744,-96.37,68.83,42,0,14.97
419,Frederikshavn,DK,2022-03-20 16:24:18,57.4407,10.5366,43.09,72,0,10.25
420,Myskhako,RU,2022-03-20 16:24:19,44.6714,37.7433,37.18,49,0,26.06
421,La Ronge,CA,2022-03-20 16:24:20,55.1001,-105.2842,25.05,74,75,8.05
422,Abonnema,NG,2022-03-20 16:24:21,4.7084,6.7931,90.72,54,81,14.61
423,Belapatfalva,HU,2022-03-20 16:24:22,48.05,20.3667,41.95,30,6,4.23
424,Doba,TD,2022-03-20 16:24:23,8.65,16.85,102.6,7,13,3.96
425,Yaan,NG,2022-03-20 16:24:24,7.3833,8.5667,102.16,19,38,1.05
426,Te Anau,NZ,2022-03-20 16:24:24,-45.4167,167.7167,50.18,93,7,1.77
427,Queenstown,ZA,2022-03-20 16:24:25,-31.8976,26.8753,71.8,45,86,8.97
428,Praia Da Vitoria,PT,2022-03-20 16:24:26,38.7333,-27.0667,61.05,94,75,22.5
429,Knysna,ZA,2022-03-20 16:24:27,-34.0363,23.0471,72.52,75,23,8.57
430,Aitape,PG,2022-03-20 16:24:27,-3.1374,142.3475,77.74,85,96,1.95
431,Santa Maria Del Oro,MX,2022-03-20 16:24:28,25.9333,-105.3667,64.08,18,100,5.68
432,Lima,PE,2022-03-20 16:20:44,-12.0432,-77.0282,70.39,59,100,5.75
433,Palmerston,AU,2022-03-20 16:24:28,-12.486,130.9833,80.58,88,90,3.44
434,Salalah,OM,2022-03-20 16:24:29,17.0151,54.0924,78.89,61,0,3.44
435,Fuling,CN,2022-03-20 16:24:29,29.7022,107.3919,62.6,79,93,1.59
436,Katangli,RU,2022-03-20 16:24:30,51.7102,143.2326,13.05,80,100,19.1
437,Liaqatabad,PK,2022-03-20 16:24:31,31.5647,74.3029,80.64,61,20,5.75
438,Petropavlovsk-Kamchatskiy,RU,2022-03-20 16:20:22,53.0452,158.6483,34.39,93,100,15.66
439,Cortez,US,2022-03-20 16:22:08,37.3489,-108.5859,50.76,22,100,5.75
440,Marsabit,KE,2022-03-20 16:24:33,2.3284,37.9899,79.34,33,11,13.24
441,Ballina,AU,2022-03-20 16:24:34,-28.8667,153.5667,64.36,88,49,8.05
442,Hearst,CA,2022-03-20 16:24:35,49.6835,-83.6665,39.45,91,100,8.12
443,Moba,CN,2022-03-20 16:24:35,33.2288,105.0179,46.62,61,100,4.5
444,Kontagora,NG,2022-03-20 16:24:36,10.3999,5.4695,102.85,10,25,3.06
445,Beaver Falls,US,2022-03-20 16:24:37,40.752,-80.3192,44.62,88,100,18.01
446,Yulara,AU,2022-03-20 16:23:26,-25.2406,130.9889,75.04,33,0,3.44
447,Sangar,RU,2022-03-20 16:25:37,63.9242,127.4739,6.57,91,100,11.1
448,Awbari,LY,2022-03-20 16:25:38,26.5921,12.7805,77.47,12,0,15.48
449,Mogadishu,SO,2022-03-20 16:23:01,2.0371,45.3438,79.39,80,5,18.12
450,Gutierrez Zamora,MX,2022-03-20 16:25:39,20.45,-97.0833,71.42,66,100,6.98
451,Jalingo,NG,2022-03-20 16:25:40,8.8833,11.3667,102.74,6,23,4.5
452,Katherine,AU,2022-03-20 16:25:40,-14.4667,132.2667,82.72,54,97,6.91
453,Kamina,CD,2022-03-20 16:25:41,-8.7386,24.9906,73.35,88,67,3.18
454,Fort Nelson,CA,2022-03-20 16:25:42,58.8053,-122.7002,22.59,86,100,10.36
455,Norwich,GB,2022-03-20 16:25:42,52.6278,1.2983,49.01,70,40,5.75
456,Maniitsoq,GL,2022-03-20 16:25:43,65.4167,-52.9,-2.22,75,59,1.83
457,Westport,US,2022-03-20 16:21:48,41.1415,-73.3579,61.36,60,100,13.8
458,Excelsior Springs,US,2022-03-20 16:25:44,39.3392,-94.2261,67.96,38,29,12.97
459,Coquimbo,CL,2022-03-20 16:24:10,-29.9533,-71.3436,60.53,88,100,10.36
460,Ternate,ID,2022-03-20 16:25:45,0.8,127.4,80.71,77,100,2.84
461,Meulaboh,ID,2022-03-20 16:25:46,4.1363,96.1285,76.15,85,100,3.6
462,Eydhafushi,MV,2022-03-20 16:25:46,5.1033,73.0708,83.5,73,70,14.34
463,Whitehorse,CA,2022-03-20 16:25:48,60.7161,-135.0538,11.17,84,40,2.3
464,Teeli,RU,2022-03-20 16:21:19,51.0333,90.2333,0.27,81,10,3.8
465,Namibe,AO,2022-03-20 16:25:50,-15.1961,12.1522,77.63,78,75,17.27
466,Amapa,BR,2022-03-20 16:25:51,1.0,-52.0,78.39,93,99,1.01
467,Favara,IT,2022-03-20 16:25:51,37.3175,13.6623,48.76,73,96,10.02
468,Verkhoyansk,RU,2022-03-20 16:25:52,67.5447,133.385,-20.52,98,8,2.19
469,Kortkeros,RU,2022-03-20 16:25:53,61.8106,51.5806,33.8,73,79,14.41
470,Shenjiamen,CN,2022-03-20 16:25:54,29.9576,122.298,49.39,91,100,11.39
471,Grindavik,IS,2022-03-20 16:25:55,63.8424,-22.4338,36.07,69,75,12.66
472,Ageyevo,RU,2022-03-20 16:25:56,54.1588,36.4693,41.27,89,15,7.87
473,Okhotsk,RU,2022-03-20 16:25:56,59.3833,143.3,12.13,85,100,13.04
474,Guaymas,MX,2022-03-20 16:25:57,27.9333,-110.9,70.88,43,0,0.0
475,Mandalgovi,MN,2022-03-20 16:25:58,45.7625,106.2708,19.72,72,100,2.71
476,Weligama,LK,2022-03-20 16:25:58,5.9667,80.4167,78.85,87,5,10.07
477,Tombouctou,ML,2022-03-20 16:25:59,20.0,-3.0,93.72,6,14,5.84
478,Asau,RO,2022-03-20 16:26:00,46.4333,26.4,41.92,55,7,7.54
479,Qaqortoq,GL,2022-03-20 16:26:00,60.7167,-46.0333,13.93,64,6,4.68
480,Belmonte,BR,2022-03-20 16:26:02,-15.8631,-38.8828,80.53,70,74,7.85
481,Progreso,MX,2022-03-20 16:26:03,21.2833,-89.6667,84.11,61,5,7.76
482,Fort Frances,CA,2022-03-20 16:26:03,48.5999,-93.4003,39.42,65,0,0.0
483,Norden,DE,2022-03-20 16:24:29,53.6,7.2,54.14,54,29,23.58
484,Prince Rupert,CA,2022-03-20 16:26:04,54.3161,-130.3201,38.89,70,100,28.77
485,Coolum Beach,AU,2022-03-20 16:26:05,-26.5333,153.1,70.11,93,44,7.87
486,Hit,IQ,2022-03-20 16:26:05,33.6416,42.8251,52.07,18,100,9.28
487,Chegdomyn,RU,2022-03-20 16:26:06,51.1167,133.0167,-6.52,97,30,3.11
488,Khani,GE,2022-03-20 16:26:06,41.9563,42.9566,31.57,99,100,3.0
489,Farah,AF,2022-03-20 16:26:07,32.5,62.5,64.24,17,0,0.29
490,Acapulco,MX,2022-03-20 16:27:08,16.8634,-99.8901,82.22,61,0,5.75
491,Barcelona,ES,2022-03-20 16:22:25,41.3888,2.159,60.6,81,40,9.22
492,Aswan,EG,2022-03-20 16:27:09,24.0934,32.907,78.24,12,0,8.25
493,Samarai,PG,2022-03-20 16:27:09,-10.6167,150.6667,82.81,78,100,10.31
494,Norton,ZW,2022-03-20 16:27:09,-17.8833,30.7,69.28,80,95,4.79
495,Fort Wellington,GY,2022-03-20 16:27:10,6.4,-57.6,82.27,69,43,11.27
496,Mecca,SA,2022-03-20 16:26:11,21.4267,39.8261,78.28,61,29,12.86
497,Bull Savanna,JM,2022-03-20 16:27:11,17.8868,-77.5902,82.63,52,76,6.87
498,Huangzhai,CN,2022-03-20 16:27:11,38.0751,112.6595,39.61,46,100,1.59
499,Nelson,NZ,2022-03-20 16:23:18,-41.2833,173.2833,61.29,78,100,4.27
500,Piotrkow Trybunalski,PL,2022-03-20 16:27:12,51.4055,19.7032,49.1,36,17,8.9
501,Oliver,CA,2022-03-20 16:27:13,49.1831,-119.5524,40.64,56,5,1.14
502,Sofrino,RU,2022-03-20 16:27:14,56.15,37.9667,42.91,89,3,9.93
503,Santa Maria,BR,2022-03-20 16:27:14,-29.6842,-53.8069,70.9,60,75,10.36
504,Bela,IN,2022-03-20 16:27:15,25.9333,81.9833,84.81,17,0,2.24
505,Mlimba,TZ,2022-03-20 16:27:16,-8.8,35.8167,74.91,93,100,1.39
506,Dzilam Gonzalez,MX,2022-03-20 16:27:16,21.2833,-88.9333,86.68,53,12,5.41
507,North Bend,US,2022-03-20 16:22:47,43.4065,-124.2243,41.16,96,40,9.22
508,Caramay,PH,2022-03-20 16:27:17,10.1815,119.236,80.28,83,98,2.13
509,Kaoma,ZM,2022-03-20 16:27:18,-14.7833,24.8,71.15,84,92,5.99
510,Izumo,JP,2022-03-20 16:27:19,35.3667,132.7667,40.95,72,100,3.15
511,Chlorakas,CY,2022-03-20 16:27:19,34.8042,32.4083,52.68,28,75,6.91
512,Vikravandi,IN,2022-03-20 16:27:20,12.0333,79.55,83.08,73,93,5.97
513,Chapleau,CA,2022-03-20 16:27:20,47.8405,-83.4034,41.09,56,20,8.05
514,Kyren,RU,2022-03-20 16:27:20,51.6828,102.1408,8.58,83,20,2.53
515,Callaway,US,2022-03-20 16:27:21,30.153,-85.5699,69.91,38,0,12.66
516,Karabuk,TR,2022-03-20 16:27:22,41.2049,32.6277,28.72,95,96,4.85
517,Tuatapere,NZ,2022-03-20 16:27:22,-46.1333,167.6833,51.57,92,74,1.19
518,Sfantu Gheorghe,RO,2022-03-20 16:27:23,45.8667,25.7833,36.93,54,11,5.93
519,Cabo San Lucas,MX,2022-03-20 16:22:54,22.8909,-109.9124,80.91,26,40,4.61
520,Kaisiadorys,LT,2022-03-20 16:27:23,54.8667,24.45,48.09,65,8,3.83
521,Kulu,TR,2022-03-20 16:27:23,39.0951,33.0799,31.08,67,100,12.8
522,Adrar,MR,2022-03-20 16:27:24,20.5022,-10.0711,89.11,9,0,3.98
523,Campina Verde,BR,2022-03-20 16:27:24,-19.5356,-49.4864,80.47,71,100,3.15
524,Grand-Santi,GF,2022-03-20 16:27:24,4.25,-54.3833,79.93,89,96,4.43
525,Ugoofaaru,MV,2022-03-20 16:27:25,5.6667,73.0,83.37,72,47,14.29
526,Dagua,CO,2022-03-20 16:27:25,3.6569,-76.6886,77.5,78,93,3.47
527,Champerico,GT,2022-03-20 16:27:28,14.3,-91.9167,91.94,55,4,5.35
528,Zenzeli,RU,2022-03-20 16:27:28,45.9241,47.0474,34.47,45,3,4.21
529,San Patricio,US,2022-03-20 16:27:30,28.017,-97.5169,73.26,46,8,14.92
530,Wanning,CN,2022-03-20 16:27:30,18.8003,110.3967,76.46,95,81,7.27
531,Taveta,KE,2022-03-20 16:27:31,-3.3963,37.6736,86.81,32,56,13.42
532,Mujiayingzi,CN,2022-03-20 16:27:31,42.1167,118.7833,25.99,87,57,4.88
533,Mercedes,AR,2022-03-20 16:27:32,-34.6515,-59.4307,71.64,37,40,12.77
534,Adeje,ES,2022-03-20 16:23:17,28.1227,-16.726,67.08,53,75,11.5
535,Homer,US,2022-03-20 16:27:33,59.6425,-151.5483,35.8,65,0,5.99
536,Anchorage,US,2022-03-20 16:27:33,61.2181,-149.9003,29.91,82,20,6.91
537,Khandagayty,RU,2022-03-20 16:28:34,50.7333,92.05,-0.99,96,89,6.62
538,Santa Rosa,PH,2022-03-20 16:28:35,14.3122,121.1114,84.18,74,53,10.33
539,Slave Lake,CA,2022-03-20 16:28:35,55.2834,-114.769,35.58,69,100,21.85
540,Sarangani,PH,2022-03-20 16:28:36,5.4033,125.4636,81.01,82,100,20.51
541,Khandyga,RU,2022-03-20 16:28:37,62.6667,135.6,-13.7,100,54,2.37
542,Gairo,IT,2022-03-20 16:28:38,39.8497,9.5047,44.17,98,100,4.29
543,Razdolinsk,RU,2022-03-20 16:28:39,58.4211,94.6658,18.95,93,100,13.6
544,Pierre,US,2022-03-20 16:28:40,44.3683,-100.351,59.05,41,0,12.66
545,Zeya,RU,2022-03-20 16:28:40,53.75,127.2667,-3.96,96,62,4.03
546,Cam Ranh,VN,2022-03-20 16:28:41,11.9214,109.1591,78.76,83,20,1.14
547,Darhan,MN,2022-03-20 16:28:42,49.4867,105.9228,11.19,86,9,2.28
548,Garanhuns,BR,2022-03-20 16:28:43,-8.8903,-36.4928,86.56,35,5,10.38
549,Grand Gaube,MU,2022-03-20 16:28:43,-20.0064,57.6608,79.38,85,97,1.99
550,Henties Bay,NA,2022-03-20 16:28:44,-22.116,14.2845,71.51,72,8,10.25
551,Nishihara,JP,2022-03-20 16:28:44,26.1842,127.7558,69.85,76,100,8.05
552,Pradera,CO,2022-03-20 16:28:45,3.4211,-76.2447,75.88,74,96,3.36
553,Akdepe,TM,2022-03-20 16:28:45,42.0551,59.3788,42.89,25,100,12.37
554,Dunedin,NZ,2022-03-20 16:28:47,-45.8742,170.5036,57.79,90,61,1.99
555,Forestville,US,2022-03-20 16:28:48,38.8451,-76.875,57.2,45,40,17.27
556,Tilichiki,RU,2022-03-20 16:28:48,60.4667,166.1,28.96,94,100,23.6
557,Omsukchan,RU,2022-03-20 16:28:49,62.5333,155.8,8.74,98,100,5.82
558,Zyryanka,RU,2022-03-20 16:28:49,65.75,150.85,-16.11,100,39,1.21
559,Dezhou,CN,2022-03-20 16:28:49,37.4486,116.2925,42.78,44,75,6.49
560,Morondava,MG,2022-03-20 16:28:50,-20.2833,44.2833,79.99,81,11,6.08
561,Hambantota,LK,2022-03-20 16:28:50,6.1241,81.1185,80.06,80,2,15.61
562,Pucallpa,PE,2022-03-20 16:28:51,-8.3791,-74.5539,78.84,89,75,4.61
563,Half Moon Bay,US,2022-03-20 16:28:51,37.4636,-122.4286,54.34,76,0,14.97
564,Igarka,RU,2022-03-20 16:28:51,67.4667,86.5833,20.68,95,100,10.49
565,Ploemeur,FR,2022-03-20 16:28:52,47.7333,-3.4333,57.85,68,0,12.66
